[ {
    "title": "Reading Foundations",
    "href": "/c/75/reading-foundations",
    "group_html": [ "<ul class='items'><li class='item'> <a href='/c/98/language?specs=250'>PreK</a> </li><li class='item'> <a href='/c/98/language?specs=251'>Grade K</a> </li><li class='item'> <a href='/c/98/language?specs=252'>Grade 1</a> </li><li class='item'> <a href='/c/98/language?specs=253'>Grade 2</a> </li><li class='item'> <a href='/c/98/language?specs=254'>Grade 3</a> </li>` <li class='item'> <a href='/c/98/language?specs=255'>Grade 4</a> </li><li class='item'> <a href='/c/98/language?specs=256'>Grade 5</a> </li><li class='item'> <a href='/c/98/language?specs=257'>Grade 6</a> </li><li class='item'> <a href='/c/98/language?specs=260'>Grade 6+</a> </li><li class='item'> <a href='/c/98/language?specs=258'>Grade 7</a> </li><li class='item'> <a href='/c/98/language?specs=259'>Grade 8</a> </li></ul>", "<ul class='items'> <li class='item'> <a href='/c/99/grammar-mechanics'>Grammar & Mechanics</a> </li><li class='item'> <a href='/c/100/vocabulary'>Vocabulary</a> </li><li class='item'> <a href='/c/101/speaking-listening'>Speaking & Listening</a> </li><li class='item'> <a href='/c/102/daily-practice'>Daily Practice</a> </li><li class='item'> <a href='/c/103/centers'>Centers</a> </li><li class='item'> <a href='/c/104/english-language-learners-ell'>English Language Learners (ELL)</a> </li><li class='item'> <a href='/c/105/early-learning'>Early Learning</a> </li><li class='item'> <a href='/c/107/test-prep'>Test Prep</a> </li></ul>", "<ul class='items' > <li class='item'> <a href='/c/98/language?specs=1405'>Book</a> </li><li class='item'> <a href='/c/98/language?specs=1841'>Courseware</a> </li><li class='item'> <a href='/c/98/language?specs=1509'>E-book</a> </li><li class='item'> <a href='/c/98/language?specs=1591'>Kit</a> </li></ul>" ]
}, {
    "title": "Reading Comprehension ",
    "href": "/c/86/reading-comprehension",
    "group_html": [ "<ul class='items'> <li class='item'> <a href='/c/86/reading-comprehension?specs=250'>PreK</a> </li><li class='item'> <a href='/c/86/reading-comprehension?specs=251'>Grade K</a> </li><li class='item'> <a href='/c/86/reading-comprehension?specs=252'>Grade 1</a> </li><li class='item'> <a href='/c/86/reading-comprehension?specs=253'>Grade 2</a> </li><li class='item'> <a href='/c/86/reading-comprehension?specs=254'>Grade 3</a> </li><li class='item'> <a href='/c/86/reading-comprehension?specs=255'>Grade 4</a> </li><li class='item'> <a href='/c/86/reading-comprehension?specs=256'>Grade 5</a> </li><li class='item'> <a href='/c/86/reading-comprehension?specs=257'>Grade 6</a> </li><li class='item'> <a href='/c/86/reading-comprehension?specs=260'>Grade 6+</a> </li><li class='item'> <a href='/c/86/reading-comprehension?specs=258'>Grade 7</a> </li><li class='item'> <a href='/c/86/reading-comprehension?specs=259'>Grade 8</a> </li></ul>", "<ul class='items'> <li class='item'> <a href='/c/87/literature'>Literature</a> </li><li class='item'> <a href='/c/88/informational-text'>Informational Text</a> </li><li class='item'> <a href='/c/89/paired-texts'>Paired Texts</a> </li><li class='item'> <a href='/c/90/centers'>Centers</a> </li><li class='item'> <a href='/c/91/daily-practice'>Daily Practice</a> </li><li class='item'> <a href='/c/92/early-learning'>Early Learning</a> </li><li class='item'> <a href='/c/93/cross-curricular'>Cross-Curricular</a> </li><li class='item'> <a href='/c/95/english-language-learners-ell'>English Language Learners (ELL)</a> </li><li class='item'> <a href='/c/96/test-prep'>Test Prep</a> </li><li class='item'> <a href='/c/97/thinking-skills'>Thinking Skills</a> </li></ul>", "<ul class='items' > <li class='item'> <a href='/c/86/reading-comprehension?specs=1405'>Book</a> </li><li class='item'> <a href='/c/86/reading-comprehension?specs=1841'>Courseware</a> </li><li class='item'> <a href='/c/86/reading-comprehension?specs=1509'>E-book</a> </li><li class='item'> <a href='/c/86/reading-comprehension?specs=1591'>Kit</a> </li></ul>" ]
}, {
    "title": "Language",
    "href": "/c/98/language",
    "group_html": [ "<ul class='items'> <li class='item'> <a href='/c/98/language?specs=250'>PreK</a> </li><li class='item'> <a href='/c/98/language?specs=251'>Grade K</a> </li><li class='item'> <a href='/c/98/language?specs=252'>Grade 1</a> </li><li class='item'> <a href='/c/98/language?specs=253'>Grade 2</a> </li><li class='item'> <a href='/c/98/language?specs=254'>Grade 3</a> </li><li class='item'> <a href='/c/98/language?specs=255'>Grade 4</a> </li><li class='item'> <a href='/c/98/language?specs=256'>Grade 5</a> </li><li class='item'> <a href='/c/98/language?specs=257'>Grade 6</a> </li><li class='item'> <a href='/c/98/language?specs=260'>Grade 6+</a> </li><li class='item'> <a href='/c/98/language?specs=258'>Grade 7</a> </li><li class='item'> <a href='/c/98/language?specs=259'>Grade 8</a> </li></ul>", "<ul class='items'> <li class='item'> <a href='/c/99/grammar-mechanics'>Grammar &amp; Mechanics</a> </li><li class='item'> <a href='/c/100/vocabulary'>Vocabulary</a> </li><li class='item'> <a href='/c/101/speaking-listening'>Speaking &amp; Listening</a> </li><li class='item'> <a href='/c/102/daily-practice'>Daily Practice</a> </li><li class='item'> <a href='/c/103/centers'>Centers</a> </li><li class='item'> <a href='/c/104/english-language-learners-ell'>English Language Learners (ELL)</a> </li><li class='item'> <a href='/c/105/early-learning'>Early Learning</a> </li><li class='item'> <a href='/c/107/test-prep'>Test Prep</a> </li></ul>", "<ul class='items'> <li class='item'> <a href='/c/98/language?specs=1405'>Book</a> </li><li class='item'> <a href='/c/98/language?specs=1841'>Courseware</a> </li><li class='item'> <a href='/c/98/language?specs=1509'>E-book</a> </li><li class='item'> <a href='/c/98/language?specs=1591'>Kit</a> </li></ul>" ]
}, {
    "title": "Writing",
    "href": "/c/108/writing",
    "group_html": [ "<ul class='items'> <li class='item'> <a href='/c/98/language?specs=250'>PreK</a> </li><li class='item'> <a href='/c/98/language?specs=251'>Grade K</a> </li><li class='item'> <a href='/c/98/language?specs=252'>Grade 1</a> </li><li class='item'> <a href='/c/98/language?specs=253'>Grade 2</a> </li><li class='item'> <a href='/c/98/language?specs=254'>Grade 3</a> </li><li class='item'> <a href='/c/98/language?specs=255'>Grade 4</a> </li><li class='item'> <a href='/c/98/language?specs=256'>Grade 5</a> </li><li class='item'> <a href='/c/98/language?specs=257'>Grade 6</a> </li><li class='item'> <a href='/c/98/language?specs=260'>Grade 6+</a> </li><li class='item'> <a href='/c/98/language?specs=258'>Grade 7</a> </li><li class='item'> <a href='/c/98/language?specs=259'>Grade 8</a> </li></ul>", "<ul class='items'> <li class='item'> <a href='/c/99/grammar-mechanics'>Grammar &amp; Mechanics</a> </li><li class='item'> <a href='/c/100/vocabulary'>Vocabulary</a> </li><li class='item'> <a href='/c/101/speaking-listening'>Speaking &amp; Listening</a> </li><li class='item'> <a href='/c/102/daily-practice'>Daily Practice</a> </li><li class='item'> <a href='/c/103/centers'>Centers</a> </li><li class='item'> <a href='/c/104/english-language-learners-ell'>English Language Learners (ELL)</a> </li><li class='item'> <a href='/c/105/early-learning'>Early Learning</a> </li><li class='item'> <a href='/c/107/test-prep'>Test Prep</a> </li></ul>", "<ul class='items'> <li class='item'> <a href='/c/98/language?specs=1405'>Book</a> </li><li class='item'> <a href='/c/98/language?specs=1841'>Courseware</a> </li><li class='item'> <a href='/c/98/language?specs=1509'>E-book</a> </li><li class='item'> <a href='/c/98/language?specs=1591'>Kit</a> </li></ul>" ]
}, {
    "title": "Math",
    "href": "/c/117/math",
    "group_html": [ "<ul class='items'> <li class='item'> <a href='/c/117/math?specs=250'>PreK</a> </li><li class='item'> <a href='/c/117/math?specs=251'>Grade K</a> </li><li class='item'> <a href='/c/117/math?specs=252'>Grade 1</a> </li><li class='item'> <a href='/c/117/math?specs=253'>Grade 2</a> </li><li class='item'> <a href='/c/117/math?specs=254'>Grade 3</a> </li><li class='item'> <a href='/c/117/math?specs=255'>Grade 4</a> </li><li class='item'> <a href='/c/117/math?specs=256'>Grade 5</a> </li><li class='item'> <a href='/c/117/math?specs=257'>Grade 6</a> </li><li class='item'> <a href='/c/117/math?specs=260'>Grade 6+</a> </li></ul>", "<ul class='items'> <li class='item'> <a href='/c/109/basic-skills'>Basic Skills</a> </li><li class='item'> <a href='/c/110/nonfiction-forms'>Nonfiction Forms</a> </li><li class='item'> <a href='/c/111/spelling'>Spelling</a> </li><li class='item'> <a href='/c/112/handwriting'>Handwriting</a> </li><li class='item'> <a href='/c/113/daily-practice'>Daily Practice</a> </li><li class='item'> <a href='/c/114/centers'>Centers</a> </li><li class='item'> <a href='/c/115/early-learning'>Early Learning</a> </li><li class='item'> <a href='/c/220/fiction-forms'>Fiction Forms</a> </li></ul>", "<ul class='items'> <li class='item'> <a href='/c/108/writing?specs=1405'>Book</a> </li><li class='item'> <a href='/c/108/writing?specs=1509'>E-book</a> </li><li class='item'> <a href='/c/108/writing?specs=1591'>Kit</a> </li></ul>" ]
}, {
    "title": "Science",
    "href": "/c/127/science",
    "group_html": [ "<ul class='items'> <li class='item'> <a href='/c/127/science?specs=250'>PreK</a> </li><li class='item'> <a href='/c/127/science?specs=251'>Grade K</a> </li><li class='item'> <a href='/c/127/science?specs=252'>Grade 1</a> </li><li class='item'> <a href='/c/127/science?specs=253'>Grade 2</a> </li><li class='item'> <a href='/c/127/science?specs=254'>Grade 3</a> </li><li class='item'> <a href='/c/127/science?specs=255'>Grade 4</a> </li><li class='item'> <a href='/c/127/science?specs=256'>Grade 5</a> </li><li class='item'> <a href='/c/127/science?specs=257'>Grade 6</a> </li><li class='item'> <a href='/c/127/science?specs=258'>Grade 7</a> </li><li class='item'> <a href='/c/127/science?specs=259'>Grade 8</a> </li></ul>", "<ul class='items'> <li class='item'> <a href='/c/128/science-literacy'>Science Literacy</a> </li><li class='item'> <a href='/c/129/daily-practice'>Daily Practice</a> </li><li class='item'> <a href='/c/130/centers'>Centers</a> </li><li class='item'> <a href='/c/131/hands-on-learning'>Hands-On Learning</a> </li><li class='item'> <a href='/c/132/interactive'>Interactive</a> </li><li class='item'> <a href='/c/133/early-learning'>Early Learning</a> </li><li class='item'> <a href='/c/134/english-language-learners-ell'>English Language Learners (ELL)</a> </li><li class='item'> <a href='/c/135/cross-curricular'>Cross-Curricular</a> </li></ul>", "<ul class='items'> <li class='item'> <a href='/c/127/science?specs=1405'>Book</a> </li><li class='item'> <a href='/c/127/science?specs=1841'>Courseware</a> </li><li class='item'> <a href='/c/127/science?specs=1509'>E-book</a> </li><li class='item'> <a href='/c/127/science?specs=1591'>Kit</a> </li></ul>" ]
}, {
    "title": "Social Studies",
    "href": "/c/193/social-studies",
    "group_html": [ "<ul class='items'> <li class='item'> <a href='/c/193/social-studies?specs=251'>Grade K</a> </li><li class='item'> <a href='/c/193/social-studies?specs=252'>Grade 1</a> </li><li class='item'> <a href='/c/193/social-studies?specs=253'>Grade 2</a> </li><li class='item'> <a href='/c/193/social-studies?specs=254'>Grade 3</a> </li><li class='item'> <a href='/c/193/social-studies?specs=255'>Grade 4</a> </li><li class='item'> <a href='/c/193/social-studies?specs=256'>Grade 5</a> </li><li class='item'> <a href='/c/193/social-studies?specs=257'>Grade 6</a> </li><li class='item'> <a href='/c/193/social-studies?specs=260'>Grade 6+</a> </li></ul>", "<ul class='items'> <li class='item'> <a href='/c/194/geography'>Geography</a> </li><li class='item'> <a href='/c/195/cross-curricular'>Cross-Curricular</a> </li><li class='item'> <a href='/c/196/daily-practice'>Daily Practice</a> </li><li class='item'> <a href='/c/197/history'>History</a> </li></ul>", "<ul class='items'> <li class='item'> <a href='/c/194/geography'>Geography</a> </li><li class='item'> <a href='/c/195/cross-curricular'>Cross-Curricular</a> </li><li class='item'> <a href='/c/196/daily-practice'>Daily Practice</a> </li><li class='item'> <a href='/c/197/history'>History</a> </li></ul>" ]
}, {
    "title": "Teacher Resources",
    "href": "/c/136/teacher-resources",
    "group_html": [ "<ul class='items'> <li class='item'> <a href='/c/136/teacher-resources?specs=250'>PreK</a> </li><li class='item'> <a href='/c/136/teacher-resources?specs=251'>Grade K</a> </li><li class='item'> <a href='/c/136/teacher-resources?specs=252'>Grade 1</a> </li><li class='item'> <a href='/c/136/teacher-resources?specs=253'>Grade 2</a> </li><li class='item'> <a href='/c/136/teacher-resources?specs=254'>Grade 3</a> </li><li class='item'> <a href='/c/136/teacher-resources?specs=255'>Grade 4</a> </li><li class='item'> <a href='/c/136/teacher-resources?specs=256'>Grade 5</a> </li><li class='item'> <a href='/c/136/teacher-resources?specs=257'>Grade 6</a> </li><li class='item'> <a href='/c/136/teacher-resources?specs=260'>Grade 6+</a> </li></ul>", "<ul class='items'> <li class='item'> <a href='/c/137/arts-crafts'>Arts &amp; Crafts</a> </li><li class='item'> <a href='/c/138/activity-books'>Activity Books</a> </li><li class='item'> <a href='/c/139/classroom-decor'>Classroom Decor</a> </li><li class='item'> <a href='/c/140/planning-books'>Planning Books</a> </li><li class='item'> <a href='/c/161/record-book'>Record Book</a> </li><li class='item'> <a href='/c/221/critical-and-creative-thinking-skills'>Critical and Creative Thinking Skills</a> </li></ul>", "<ul class='items'> <li class='item'> <a href='/c/136/teacher-resources?specs=1405'>Book</a> </li><li class='item'> <a href='/c/136/teacher-resources?specs=1841'>Courseware</a> </li><li class='item'> <a href='/c/136/teacher-resources?specs=1509'>E-book</a> </li></ul>" ]
}, {
    "title": "Parent Resources",
    "href": "/c/211/parent-resources",
    "group_html": [ "<ul class='items'> <li class='item'> <a href='/c/211/parent-resources?specs=250'>PreK</a> </li><li class='item'> <a href='/c/211/parent-resources?specs=251'>Grade K</a> </li><li class='item'> <a href='/c/211/parent-resources?specs=252'>Grade 1</a> </li><li class='item'> <a href='/c/211/parent-resources?specs=253'>Grade 2</a> </li><li class='item'> <a href='/c/211/parent-resources?specs=254'>Grade 3</a> </li><li class='item'> <a href='/c/211/parent-resources?specs=255'>Grade 4</a> </li><li class='item'> <a href='/c/211/parent-resources?specs=256'>Grade 5</a> </li><li class='item'> <a href='/c/211/parent-resources?specs=257'>Grade 6</a> </li></ul>", "<ul class='items'> <li class='item'> <a href='/c/212/daily-summer-activities'>Daily Summer Activities</a> </li><li class='item'> <a href='/c/213/never-bored-kid'>Never-Bored Kid</a> </li><li class='item'> <a href='/c/214/activity-books'>Activity Books</a> </li><li class='item'> <a href='/c/215/flashcards'>Flashcards</a> </li><li class='item'> <a href='/c/216/critical-creative-thinking-activities'>Critical &amp; Creative Thinking Activities</a> </li><li class='item'> <a href='/c/217/skill-sharpeners'>Skill Sharpeners</a> </li><li class='item'> <a href='/c/218/basic-skills'>Basic Skills</a> </li><li class='item'> <a href='/c/219/arts-crafts'>Arts &amp; Crafts</a> </li></ul>", "<ul class='items'> <li class='item'> <a href='/c/211/parent-resources?specs=1405'>Book</a> </li><li class='item'> <a href='/c/211/parent-resources?specs=1509'>E-book</a> </li><li class='item'> <a href='/c/211/parent-resources?specs=1871'>Flashcards</a> </li><li class='item'> <a href='/c/211/parent-resources?specs=1591'>Kit</a> </li></ul>" ]
} ]